{
    "serverInfo": {
        "os": {
            "platform": "Windows",
            "distro": "Microsoft Windows 11 企业版 LTSC",
            "release": "10.0.26100",
            "codename": "",
            "kernel": "10.0.26100",
            "arch": "x64",
            "hostname": "DESKTOP-LMHVLNE",
            "fqdn": "DESKTOP-LMHVLNE",
            "codepage": "936",
            "logofile": "windows",
            "serial": "00425-00000-00002-AA581",
            "build": "26100",
            "servicepack": "0.0",
            "uefi": true,
            "hypervisor": true,
            "remoteSession": false
        },
        "cpu": {
            "avgLoad": 0,
            "currentLoad": 30.241369362438697,
            "currentLoadUser": 18.92297336282335,
            "currentLoadSystem": 10.277270250344586,
            "currentLoadNice": 0,
            "currentLoadIdle": 69.7586306375613,
            "currentLoadIrq": 1.0411257492707633,
            "currentLoadSteal": 0,
            "currentLoadGuest": 0,
            "rawCurrentLoad": 47172,
            "rawCurrentLoadUser": 29517,
            "rawCurrentLoadSystem": 16031,
            "rawCurrentLoadNice": 0,
            "rawCurrentLoadIdle": 108813,
            "rawCurrentLoadIrq": 1624,
            "rawCurrentLoadSteal": 0,
            "rawCurrentLoadGuest": 0,
            "cpus": [
                {
                    "load": 39.76334003125698,
                    "loadUser": 16.275954454119223,
                    "loadSystem": 19.185830170424946,
                    "loadNice": 0,
                    "loadIdle": 60.23665996874302,
                    "loadIrq": 4.301555406712808,
                    "loadSteal": 0,
                    "loadGuest": 0,
                    "rawLoad": 5343,
                    "rawLoadUser": 2187,
                    "rawLoadSystem": 2578,
                    "rawLoadNice": 0,
                    "rawLoadIdle": 8094,
                    "rawLoadIrq": 578,
                    "rawLoadSteal": 0,
                    "rawLoadGuest": 0
                },
                {
                    "load": 22.887106724244294,
                    "loadUser": 13.73380629241209,
                    "loadSystem": 8.428439235040099,
                    "loadNice": 0,
                    "loadIdle": 77.11289327575571,
                    "loadIrq": 0.7248611967921036,
                    "loadSteal": 0,
                    "loadGuest": 0,
                    "rawLoad": 2968,
                    "rawLoadUser": 1781,
                    "rawLoadSystem": 1093,
                    "rawLoadNice": 0,
                    "rawLoadIdle": 10000,
                    "rawLoadIrq": 94,
                    "rawLoadSteal": 0,
                    "rawLoadGuest": 0
                },
                {
                    "load": 46.392307692307696,
                    "loadUser": 31.607692307692307,
                    "loadSystem": 13.823076923076924,
                    "loadNice": 0,
                    "loadIdle": 53.60769230769231,
                    "loadIrq": 0.9615384615384616,
                    "loadSteal": 0,
                    "loadGuest": 0,
                    "rawLoad": 6031,
                    "rawLoadUser": 4109,
                    "rawLoadSystem": 1797,
                    "rawLoadNice": 0,
                    "rawLoadIdle": 6969,
                    "rawLoadIrq": 125,
                    "rawLoadSteal": 0,
                    "rawLoadGuest": 0
                },
                {
                    "load": 25.69862590705573,
                    "loadUser": 18.094796973907673,
                    "loadSystem": 6.878184344603984,
                    "loadNice": 0,
                    "loadIdle": 74.30137409294426,
                    "loadIrq": 0.725644588544079,
                    "loadSteal": 0,
                    "loadGuest": 0,
                    "rawLoad": 3329,
                    "rawLoadUser": 2344,
                    "rawLoadSystem": 891,
                    "rawLoadNice": 0,
                    "rawLoadIdle": 9625,
                    "rawLoadIrq": 94,
                    "rawLoadSteal": 0,
                    "rawLoadGuest": 0
                },
                {
                    "load": 36.67593021460553,
                    "loadUser": 24.00802840821368,
                    "loadSystem": 11.94225721784777,
                    "loadNice": 0,
                    "loadIdle": 63.32406978539448,
                    "loadIrq": 0.725644588544079,
                    "loadSteal": 0,
                    "loadGuest": 0,
                    "rawLoad": 4751,
                    "rawLoadUser": 3110,
                    "rawLoadSystem": 1547,
                    "rawLoadNice": 0,
                    "rawLoadIdle": 8203,
                    "rawLoadIrq": 94,
                    "rawLoadSteal": 0,
                    "rawLoadGuest": 0
                },
                {
                    "load": 20.511039061293808,
                    "loadUser": 12.305079512119809,
                    "loadSystem": 7.480314960629922,
                    "loadNice": 0,
                    "loadIdle": 79.48896093870619,
                    "loadIrq": 0.725644588544079,
                    "loadSteal": 0,
                    "loadGuest": 0,
                    "rawLoad": 2657,
                    "rawLoadUser": 1594,
                    "rawLoadSystem": 969,
                    "rawLoadNice": 0,
                    "rawLoadIdle": 10297,
                    "rawLoadIrq": 94,
                    "rawLoadSteal": 0,
                    "rawLoadGuest": 0
                },
                {
                    "load": 32.69230769230769,
                    "loadUser": 21.63846153846154,
                    "loadSystem": 9.976923076923077,
                    "loadNice": 0,
                    "loadIdle": 67.3076923076923,
                    "loadIrq": 1.0769230769230769,
                    "loadSteal": 0,
                    "loadGuest": 0,
                    "rawLoad": 4250,
                    "rawLoadUser": 2813,
                    "rawLoadSystem": 1297,
                    "rawLoadNice": 0,
                    "rawLoadIdle": 8750,
                    "rawLoadIrq": 140,
                    "rawLoadSteal": 0,
                    "rawLoadGuest": 0
                },
                {
                    "load": 23.457936692206484,
                    "loadUser": 14.875009674173825,
                    "loadSystem": 8.103087996285117,
                    "loadNice": 0,
                    "loadIdle": 76.54206330779351,
                    "loadIrq": 0.4798390217475428,
                    "loadSteal": 0,
                    "loadGuest": 0,
                    "rawLoad": 3031,
                    "rawLoadUser": 1922,
                    "rawLoadSystem": 1047,
                    "rawLoadNice": 0,
                    "rawLoadIdle": 9890,
                    "rawLoadIrq": 62,
                    "rawLoadSteal": 0,
                    "rawLoadGuest": 0
                },
                {
                    "load": 30.651488347050226,
                    "loadUser": 17.667871702176754,
                    "loadSystem": 12.022152142142913,
                    "loadNice": 0,
                    "loadIdle": 69.34851165294977,
                    "loadIrq": 0.9614645027305592,
                    "loadSteal": 0,
                    "loadGuest": 0,
                    "rawLoad": 3985,
                    "rawLoadUser": 2297,
                    "rawLoadSystem": 1563,
                    "rawLoadNice": 0,
                    "rawLoadIdle": 9016,
                    "rawLoadIrq": 125,
                    "rawLoadSteal": 0,
                    "rawLoadGuest": 0
                },
                {
                    "load": 20.985176034589255,
                    "loadUser": 13.272081531809759,
                    "loadSystem": 6.995058678196417,
                    "loadNice": 0,